<application>
  <component name="AdvancedSettings">
    <option name="settings">
      <map>
        <entry key="editor.maximize.on.double.click" value="false" />
        <entry key="ide.show.fileType.icon.in.titleBar" value="true" />
        <entry key="ide.usages.page.size" value="200" />
        <entry key="se.text.search" value="true" />
        <entry key="ssh.config.backend" value="OPENSSH" />
        <entry key="temporary.configurations.limit" value="10" />
      </map>
    </option>
  </component>
</application>