<application>
  <component name="com.intellij.ide.ui.customization.CustomActionsSchema">
    <group value="EvaluateExpression" is_action="true" action_type="-1" position="12">
      <path value="root" />
      <path value="Debug Tool Window Top Toolbar" />
      <option name="myInitialPosition" value="-1" />
    </group>
    <group value="SearchEverywhere" is_action="true" action_type="-1" position="7">
      <path value="root" />
      <path value="Navigation Bar Toolbar" />
      <option name="myInitialPosition" value="-1" />
    </group>
    <group value="ChangesView.ShelveSilently" is_action="true" action_type="-1" position="7">
      <path value="root" />
      <path value="VCS Local Changes Toolbar" />
      <option name="myInitialPosition" value="-1" />
    </group>
    <group value="RunAnything" is_action="true" action_type="-1" position="6">
      <path value="root" />
      <path value="Navigation Bar Toolbar" />
      <option name="myInitialPosition" value="-1" />
    </group>
    <group value="XDebugger.MuteBreakpoints" is_action="true" action_type="-1" position="6">
      <path value="root" />
      <path value="Debug Tool Window Left Toolbar" />
      <option name="myInitialPosition" value="-1" />
    </group>
    <group value="ChangesView.Diff" is_action="true" action_type="-1" position="5">
      <path value="root" />
      <path value="VCS Local Changes Toolbar" />
      <option name="myInitialPosition" value="-1" />
    </group>
    <group value="ChangesView.Revert" is_action="true" action_type="-1" position="4">
      <path value="root" />
      <path value="VCS Local Changes Toolbar" />
      <option name="myInitialPosition" value="-1" />
    </group>
    <group seperator="true" action_type="-1" position="3">
      <path value="root" />
      <path value="Navigation Bar Toolbar" />
      <option name="myInitialPosition" value="-1" />
    </group>
    <group value="NavBarVcsGroup" is_group="true" action_type="-1" position="2">
      <path value="root" />
      <path value="Navigation Bar Toolbar" />
      <option name="myInitialPosition" value="-1" />
    </group>
    <group value="CheckinProject" is_action="true" action_type="-1" position="2">
      <path value="root" />
      <path value="VCS Local Changes Toolbar" />
      <option name="myInitialPosition" value="-1" />
    </group>
    <group value="EvaluateExpression" is_action="true" action_type="1" position="0">
      <path value="root" />
      <path value="Debug Tool Window Top Toolbar" />
      <option name="myInitialPosition" value="-1" />
    </group>
  </component>
</application>