<application>
  <component name="XDebuggerSettings">
    <data-views>
      <option name="valueLookupDelay" value="150" />
    </data-views>
    <general>
      <confirm-breakpoint-removal>true</confirm-breakpoint-removal>
      <scroll-to-center>true</scroll-to-center>
    </general>
    <debuggers>
      <debugger id="dotnet_debugger">
        <configuration>
          <option name="automaticallyRefreshWatches" value="true" />
          <option name="breakOnUserUnhandledExceptions" value="true" />
          <option name="evaluationTimeoutMs" value="500" />
          <option name="groupNonPublicMembers" value="true" />
          <option name="processExceptionsOutsideMyCode" value="true" />
        </configuration>
      </debugger>
      <debugger id="javascript">
        <configuration>
          <custom-object-presentation />
        </configuration>
      </debugger>
    </debuggers>
  </component>
</application>